{
  "employees": [
    {
      "id": 1,
      "first_name": "Sebastian",
      "last_name": "Eschweiler",
      "email": "sebastian@codingthesmartway.com"
    },
    {
      "id": 2,
      "first_name": "Steve",
      "last_name": "Palmer",
      "email": "steve@codingthesmartway.com"
    },
    {
      "id": 3,
      "first_name": "Ann",
      "last_name": "Smith",
      "email": "ann@codingthesmartway.com"
    },
    {
      "id": "4",
      "first_name": "rakesh",
      "last_name": "subudhi",
      "email": "h@gmail.com"
    },
    {
      "id": "5",
      "first_name": "rakesh",
      "last_name": "subudhi",
      "email": "h@gmail.com"
    }
  ]
}